{
    "clustering": {
        "n_clusters": 4,
        "cluster_distribution": {
            "1": 2726,
            "0": 746,
            "3": 23,
            "2": 2
        }
    },
    "classification": {
        "accuracy": 0.9989,
        "confusion_matrix": {
            "true_negative": 584,
            "false_positive": 0,
            "false_negative": 1,
            "true_positive": 290
        },
        "classification_report": {
            "Loyal": {
                "precision": 0.9982905982905983,
                "recall": 1.0,
                "f1-score": 0.9991445680068435,
                "support": 584.0
            },
            "Churned": {
                "precision": 1.0,
                "recall": 0.9965635738831615,
                "f1-score": 0.9982788296041308,
                "support": 291.0
            },
            "accuracy": 0.9988571428571429,
            "macro avg": {
                "precision": 0.9991452991452991,
                "recall": 0.9982817869415808,
                "f1-score": 0.9987116988054872,
                "support": 875.0
            },
            "weighted avg": {
                "precision": 0.9988590964590964,
                "recall": 0.9988571428571429,
                "f1-score": 0.9988566481494842,
                "support": 875.0
            }
        },
        "sample_prediction": {
            "predicted_class": "LOYAL",
            "churn_probability": 0.0214
        }
    },
    "regression": {
        "mae": 2.0928,
        "r2": 0.823
    }
}